class_id,time,action,workers_count,equipment_count,cars_count
0,00:00:00,вышел,0,0,0
0,00:03:33,заехал,1,0,0
0,00:03:42,заехал,2,0,0
0,00:04:12,заехал,3,0,0
0,00:04:17,заехал,4,0,0
0,00:04:44,заехал,5,0,0
0,00:09:36,заехал,6,0,0
0,00:14:12,заехал,7,0,0
0,00:19:59,заехал,8,0,0
0,00:20:39,заехал,9,0,0
0,00:22:37,заехал,10,0,0
0,00:26:03,заехал,11,0,0
0,00:26:33,заехал,12,0,0
0,00:28:05,заехал,13,0,0
0,00:30:07,заехал,14,0,0
0,00:34:56,заехал,15,0,0
0,00:39:47,вышел,14,0,0
0,00:45:02,заехал,15,0,0
2,00:49:46,заехал,15,0,1
0,00:52:32,вышел,14,0,1
0,00:57:13,заехал,15,0,1
0,00:58:23,вышел,14,0,1
1,01:01:23,заехал,14,1,1
0,01:06:32,вышел,13,1,1
0,01:11:54,вышел,12,1,1
0,01:12:47,вышел,11,1,1
1,01:17:33,заехал,11,2,1
0,01:20:07,заехал,12,2,1
0,01:21:16,вышел,11,2,1
0,01:22:39,вышел,10,2,1
0,01:23:22,заехал,11,2,1
0,01:26:52,заехал,12,2,1
0,01:27:37,заехал,13,2,1
0,01:28:13,заехал,14,2,1
0,01:28:38,заехал,15,2,1
1,02:01:31,заехал,15,3,1
0,02:03:13,вышел,14,3,1
0,02:06:34,заехал,15,3,1
0,02:06:53,вышел,14,3,1
2,02:08:22,заехал,14,3,2
0,02:12:28,заехал,15,3,2
0,02:13:51,вышел,14,3,2
0,02:17:33,вышел,13,3,2
1,02:19:36,вышел,13,2,2
0,02:20:10,заехал,14,2,2
1,02:21:56,вышел,14,1,2
0,02:23:33,вышел,13,1,2
0,02:28:53,заехал,14,1,2
0,02:34:38,вышел,13,1,2
0,02:39:11,заехал,14,1,2
0,02:43:05,вышел,13,1,2
0,02:43:10,вышел,12,1,2
0,02:48:11,заехал,13,1,2
1,02:52:54,вышел,13,0,2
0,02:55:45,заехал,14,0,2
1,02:59:45,заехал,14,1,2
0,03:05:34,заехал,15,1,2
0,03:05:57,вышел,14,1,2
0,03:07:08,вышел,13,1,2
1,03:08:40,вышел,13,0,2
1,03:08:55,заехал,13,1,2
0,03:09:59,заехал,14,1,2
0,03:13:29,заехал,15,1,2
0,03:18:42,вышел,14,1,2
0,03:19:21,вышел,13,1,2
0,03:23:20,заехал,14,1,2
0,03:23:42,вышел,13,1,2
0,03:29:15,вышел,12,1,2
0,03:32:30,заехал,13,1,2
0,03:36:57,заехал,14,1,2
0,03:39:54,вышел,13,1,2
2,03:44:52,вышел,13,1,1
1,03:49:42,заехал,13,2,1
1,03:55:32,заехал,13,3,1
0,03:58:43,заехал,14,3,1
0,04:00:47,вышел,13,3,1
1,04:06:02,вышел,13,2,1
0,04:09:05,вышел,12,2,1
0,04:11:26,заехал,13,2,1
0,04:12:34,вышел,12,2,1
0,04:17:22,заехал,13,2,1
0,04:20:58,вышел,12,2,1
1,04:23:14,заехал,12,3,1
0,04:23:57,заехал,13,3,1
0,04:27:52,заехал,14,3,1
1,04:32:53,вышел,14,2,1
0,04:37:52,заехал,15,2,1
0,04:41:52,вышел,14,2,1
1,04:43:26,заехал,14,3,1
2,05:18:49,вышел,14,3,0
0,05:23:49,заехал,15,3,0
0,05:25:21,вышел,14,3,0
1,05:26:27,заехал,14,4,0
0,05:32:03,вышел,13,4,0
0,05:33:02,вышел,12,4,0
2,05:35:56,заехал,12,4,1
0,05:37:17,заехал,13,4,1
1,05:41:51,вышел,13,3,1
0,05:43:01,вышел,12,3,1
0,05:45:24,вышел,11,3,1
0,05:47:17,заехал,12,3,1
1,05:52:01,вышел,12,2,1
1,05:57:13,вышел,12,1,1
1,05:58:02,заехал,12,2,1
0,05:59:09,вышел,11,2,1
0,06:04:45,заехал,12,2,1
0,06:10:34,вышел,11,2,1
0,06:15:17,заехал,12,2,1
0,06:19:38,заехал,13,2,1
0,06:24:30,заехал,14,2,1
2,06:28:18,вышел,14,2,0
2,06:29:50,заехал,14,2,1
0,06:34:11,заехал,15,2,1
0,06:35:44,вышел,14,2,1
0,06:36:40,вышел,13,2,1
0,06:36:45,вышел,12,2,1
0,06:42:25,вышел,11,2,1
0,06:43:51,вышел,10,2,1
0,06:48:24,вышел,9,2,1
0,06:51:22,вышел,8,2,1
2,06:51:43,заехал,8,2,2
0,06:53:30,вышел,7,2,2
0,06:55:31,заехал,8,2,2
0,07:01:09,заехал,9,2,2
0,07:02:11,заехал,10,2,2
0,07:06:59,вышел,9,2,2
0,07:09:12,заехал,10,2,2
1,07:10:44,вышел,10,1,2
0,07:11:31,заехал,11,1,2
0,07:12:10,заехал,12,1,2
0,07:13:13,заехал,13,1,2
0,07:13:53,вышел,12,1,2
1,07:14:09,вышел,12,0,2
0,07:14:45,заехал,13,0,2
0,07:18:37,заехал,14,0,2
0,07:21:30,заехал,15,0,2
0,07:27:03,вышел,14,0,2
1,07:28:21,заехал,14,1,2
0,07:33:04,вышел,13,1,2
0,07:34:45,вышел,12,1,2
0,07:36:26,вышел,11,1,2
0,07:38:07,вышел,10,1,2
0,07:39:48,вышел,9,1,2
0,07:41:29,вышел,8,1,2
0,07:43:10,вышел,7,1,2
0,07:44:51,вышел,6,1,2
0,07:46:32,вышел,5,1,2
0,07:48:13,вышел,4,1,2
0,07:49:54,вышел,3,1,2
0,07:51:35,вышел,2,1,2
0,07:53:16,вышел,1,1,2
0,07:54:57,вышел,0,1,2
1,07:56:38,вышел,0,0,2
2,07:58:19,вышел,0,0,1
2,08:00:00,вышел,0,0,0
